id,vae_x,vae_y,vae_eventTags,vae_cluster_label,tft_x,tft_y,tft_eventTags,tft_cluster_label
100-1,-5.1732407,5.082736,Events::Defect or Deterioration::Equip Deterioration/r/nEquipment::Interrupting Device::Fuse,0,-0.66853535,0.2552281,Events::Defect or Deterioration::Equip Deterioration/r/nEquipment::Interrupting Device::Fuse,0
100-2,-3.803003,7.721945,Events::Defect or Deterioration::Equip Deterioration/r/nEquipment::Interrupting Device::Fuse,0,-0.21228367,1.5686048,Events::Defect or Deterioration::Equip Deterioration/r/nEquipment::Interrupting Device::Fuse,0
101-1,-4.4556513,-3.5838892,Events::External::Motor Vehicle Accident/r/nState::Change State::Close/r/nEquipment::Overhead Equipment::Pole/r/nPhase::Single-phase-ground::Phase AG,0,1.9925132,-3.08254,Events::External::Motor Vehicle Accident/r/nState::Change State::Close/r/nEquipment::Overhead Equipment::Pole/r/nPhase::Single-phase-ground::Phase AG,0
101-2,-5.5308213,-1.2814533,Events::External::Motor Vehicle Accident/r/nState::Change State::Close/r/nEquipment::Overhead Equipment::Pole/r/nPhase::Single-phase-ground::Phase AG,0,1.2525513,-2.6926458,Events::External::Motor Vehicle Accident/r/nState::Change State::Close/r/nEquipment::Overhead Equipment::Pole/r/nPhase::Single-phase-ground::Phase AG,0
102-1,-5.4539084,4.1592927,State::Change State::Close/r/nEquipment::Overhead Equipment::Pole/r/nPhase::Single-phase::Phase B/r/nPhase::Single-phase-ground::Phase BG,0,-0.697242,-0.061416265,State::Change State::Close/r/nEquipment::Overhead Equipment::Pole/r/nPhase::Single-phase::Phase B/r/nPhase::Single-phase-ground::Phase BG,0
102-2,-4.610621,6.8191514,State::Change State::Close/r/nEquipment::Overhead Equipment::Pole/r/nPhase::Single-phase::Phase B/r/nPhase::Single-phase-ground::Phase BG,0,-13.286842,-0.20878984,State::Change State::Close/r/nEquipment::Overhead Equipment::Pole/r/nPhase::Single-phase::Phase B/r/nPhase::Single-phase-ground::Phase BG,0
103-1,-4.9270043,4.983658,State::Change State::Close/r/nEquipment::Overhead Equipment::Pole/r/nPhase::Single-phase::Nonspecific Single-phase,0,-13.541178,-1.215791,State::Change State::Close/r/nEquipment::Overhead Equipment::Pole/r/nPhase::Single-phase::Nonspecific Single-phase,0
103-2,-4.138514,7.4877357,State::Change State::Close/r/nEquipment::Overhead Equipment::Pole/r/nPhase::Single-phase::Nonspecific Single-phase,0,-13.125024,0.3966074,State::Change State::Close/r/nEquipment::Overhead Equipment::Pole/r/nPhase::Single-phase::Nonspecific Single-phase,0
104-1,-4.927004,4.983658,Events::External::Motor Vehicle Accident/r/nState::Change State::Open/r/nEquipment::Overhead Equipment::Pole/r/nEquipment::Interrupting Device::Circuit Breaker/r/nEquipment::Substation::Nonspecific Substation,0,-13.541178,-1.215791,Events::External::Motor Vehicle Accident/r/nState::Change State::Open/r/nEquipment::Overhead Equipment::Pole/r/nEquipment::Interrupting Device::Circuit Breaker/r/nEquipment::Substation::Nonspecific Substation,0
104-2,-4.1375895,7.486996,Events::External::Motor Vehicle Accident/r/nState::Change State::Open/r/nEquipment::Overhead Equipment::Pole/r/nEquipment::Interrupting Device::Circuit Breaker/r/nEquipment::Substation::Nonspecific Substation,0,-12.956599,0.3457328,Events::External::Motor Vehicle Accident/r/nState::Change State::Open/r/nEquipment::Overhead Equipment::Pole/r/nEquipment::Interrupting Device::Circuit Breaker/r/nEquipment::Substation::Nonspecific Substation,0
105-1,-0.9207403,10.773349,Events::External::Motor Vehicle Accident/r/nState::Change State::Close/r/nEquipment::Overhead Equipment::Pole/r/nEquipment::Interrupting Device::Recloser,0,11.519741,5.556657,Events::External::Motor Vehicle Accident/r/nState::Change State::Close/r/nEquipment::Overhead Equipment::Pole/r/nEquipment::Interrupting Device::Recloser,0
105-2,3.0415008,10.561144,Events::External::Motor Vehicle Accident/r/nState::Change State::Close/r/nEquipment::Overhead Equipment::Pole/r/nEquipment::Interrupting Device::Recloser,0,11.412416,5.688847,Events::External::Motor Vehicle Accident/r/nState::Change State::Close/r/nEquipment::Overhead Equipment::Pole/r/nEquipment::Interrupting Device::Recloser,0
106-1,3.5474837,5.6363053,Events::External::Motor Vehicle Accident/r/nEquipment::Overhead Equipment::Pole,0,11.410849,5.685514,Events::External::Motor Vehicle Accident/r/nEquipment::Overhead Equipment::Pole,0
106-2,3.7165203,4.17153,Events::External::Motor Vehicle Accident/r/nEquipment::Overhead Equipment::Pole,0,11.411492,5.686474,Events::External::Motor Vehicle Accident/r/nEquipment::Overhead Equipment::Pole,0
107-1,5.9871063,5.9973254,Events::External::Motor Vehicle Accident/r/nState::Change State::Open/r/nEquipment::Overhead Equipment::Pole/r/nEquipment::Interrupting Device::Circuit Breaker,0,12.206176,4.7266874,Events::External::Motor Vehicle Accident/r/nState::Change State::Open/r/nEquipment::Overhead Equipment::Pole/r/nEquipment::Interrupting Device::Circuit Breaker,0
107-2,4.0522685,3.463898,Events::External::Motor Vehicle Accident/r/nState::Change State::Open/r/nEquipment::Overhead Equipment::Pole/r/nEquipment::Interrupting Device::Circuit Breaker,0,12.525435,1.9685215,Events::External::Motor Vehicle Accident/r/nState::Change State::Open/r/nEquipment::Overhead Equipment::Pole/r/nEquipment::Interrupting Device::Circuit Breaker,0
108-1,-6.0085497,-1.405105,Events::Fault::Nonspecific Fault/r/nEvents::External::Customer Equipment,0,11.917479,1.2982246,Events::Fault::Nonspecific Fault/r/nEvents::External::Customer Equipment,0
108-2,-5.7333975,1.352132,Events::Fault::Nonspecific Fault/r/nEvents::External::Customer Equipment,0,11.74169,1.1073558,Events::Fault::Nonspecific Fault/r/nEvents::External::Customer Equipment,0
109-1,-5.4386187,3.913877,State::Change State::Off/r/nEquipment::Devices::Capacitor,0,11.650039,1.0139463,State::Change State::Off/r/nEquipment::Devices::Capacitor,0
109-2,-4.3123345,6.7186174,State::Change State::Off/r/nEquipment::Devices::Capacitor,0,11.623518,0.99466676,State::Change State::Off/r/nEquipment::Devices::Capacitor,0
110-1,5.3139205,4.489222,State::Change State::On/r/nEquipment::Devices::Capacitor,0,2.517406,1.029666,State::Change State::On/r/nEquipment::Devices::Capacitor,0
110-2,-3.2165926,-3.6504562,State::Change State::On/r/nEquipment::Devices::Capacitor,0,2.3637574,1.3014146,State::Change State::On/r/nEquipment::Devices::Capacitor,0
137-1,-0.03966971,3.6551163,Events::Power Quality::Current Surge/r/nEvents::Power Quality::Transient/r/nEvents::Other::Unknown,0,3.0686722,1.692487,Events::Power Quality::Current Surge/r/nEvents::Power Quality::Transient/r/nEvents::Other::Unknown,0
193-1,2.2078378,4.139755,Equipment::Overhead Equipment::Splice or Deadend/r/nEquipment::Interrupting Device::Circuit Breaker/r/nEvents::Fault::Nonspecific Fault/r/nEquipment::Substation::Nonspecific Substation,0,3.1689327,1.4346884,Equipment::Overhead Equipment::Splice or Deadend/r/nEquipment::Interrupting Device::Circuit Breaker/r/nEvents::Fault::Nonspecific Fault/r/nEquipment::Substation::Nonspecific Substation,0
194-1,-1.9240428,3.277259,Events::Fault::Cable Fault/r/nEquipment::Underground Equipment::Primary Cable,0,2.4218345,1.9691356,Events::Fault::Cable Fault/r/nEquipment::Underground Equipment::Primary Cable,0
196-1,0.7739518,2.7224927,Equipment::Overhead Equipment::Conductor/r/nEquipment::Interrupting Device::Circuit Breaker/r/nEquipment::Substation::Nonspecific Substation,0,0.47881046,3.8526707,Equipment::Overhead Equipment::Conductor/r/nEquipment::Interrupting Device::Circuit Breaker/r/nEquipment::Substation::Nonspecific Substation,0
197-1,1.0272529,4.142481,Events::Fault::Cable Fault/r/nEquipment::Underground Equipment::Primary Cable/r/nEquipment::Interrupting Device::Circuit Breaker/r/nEquipment::Substation::Nonspecific Substation,0,1.1972744,3.6448004,Events::Fault::Cable Fault/r/nEquipment::Underground Equipment::Primary Cable/r/nEquipment::Interrupting Device::Circuit Breaker/r/nEquipment::Substation::Nonspecific Substation,0
198-1,-0.39139333,1.8650537,Equipment::Overhead Equipment::Conductor/r/nEquipment::Overhead Equipment::Insulator/r/nEquipment::Interrupting Device::Circuit Breaker/r/nConditions::Equipment Conditions::Conductor off insulator/r/nEquipment::Substation::Nonspecific Substation,0,-0.89287776,4.3279705,Equipment::Overhead Equipment::Conductor/r/nEquipment::Overhead Equipment::Insulator/r/nEquipment::Interrupting Device::Circuit Breaker/r/nConditions::Equipment Conditions::Conductor off insulator/r/nEquipment::Substation::Nonspecific Substation,0
199-1,0.37559837,2.5942044,Events::Equipment Failure::Equipment Failure/r/nEquipment::Interrupting Device::Circuit Breaker/r/nEquipment::Underground Equipment::UG Connector/r/nEquipment::Underground Equipment::Nonspecific Underground Equipment,0,0.2263769,4.026063,Events::Equipment Failure::Equipment Failure/r/nEquipment::Interrupting Device::Circuit Breaker/r/nEquipment::Underground Equipment::UG Connector/r/nEquipment::Underground Equipment::Nonspecific Underground Equipment,0
200-1,1.8194306,3.427752,Events::Equipment Failure::Equipment Failure/r/nEquipment::Interrupting Device::Circuit Breaker/r/nEquipment::Underground Equipment::UG Connector/r/nEquipment::Underground Equipment::Nonspecific Underground Equipment,0,0.11531496,4.0399513,Events::Equipment Failure::Equipment Failure/r/nEquipment::Interrupting Device::Circuit Breaker/r/nEquipment::Underground Equipment::UG Connector/r/nEquipment::Underground Equipment::Nonspecific Underground Equipment,0
201-1,2.8098564,5.0034633,Events::Equipment Failure::Equipment Failure/r/nEquipment::Interrupting Device::Circuit Breaker/r/nEquipment::Underground Equipment::UG Connector/r/nEquipment::Underground Equipment::Nonspecific Underground Equipment,0,1.3166212,6.2672267,Events::Equipment Failure::Equipment Failure/r/nEquipment::Interrupting Device::Circuit Breaker/r/nEquipment::Underground Equipment::UG Connector/r/nEquipment::Underground Equipment::Nonspecific Underground Equipment,0
202-1,2.359563,5.054392,Events::Equipment Failure::Equipment Failure/r/nEquipment::Interrupting Device::Circuit Breaker/r/nEquipment::Underground Equipment::UG Connector/r/nEquipment::Underground Equipment::Nonspecific Underground Equipment,0,1.8709465,6.6990805,Events::Equipment Failure::Equipment Failure/r/nEquipment::Interrupting Device::Circuit Breaker/r/nEquipment::Underground Equipment::UG Connector/r/nEquipment::Underground Equipment::Nonspecific Underground Equipment,0
204-1,-1.5452297,2.6020522,Events::Equipment Failure::Equipment Failure/r/nEquipment::Interrupting Device::Circuit Breaker/r/nEquipment::Underground Equipment::Nonspecific Underground Equipment,0,2.4959815,6.938197,Events::Equipment Failure::Equipment Failure/r/nEquipment::Interrupting Device::Circuit Breaker/r/nEquipment::Underground Equipment::Nonspecific Underground Equipment,0
205-1,-0.9852252,1.868871,Events::Equipment Failure::Equipment Failure/r/nEquipment::Underground Equipment::Primary Cable/r/nEquipment::Interrupting Device::Circuit Breaker/r/nEquipment::Underground Equipment::Nonspecific Underground Equipment,0,2.7987795,7.786719,Events::Equipment Failure::Equipment Failure/r/nEquipment::Underground Equipment::Primary Cable/r/nEquipment::Interrupting Device::Circuit Breaker/r/nEquipment::Underground Equipment::Nonspecific Underground Equipment,0
206-1,0.13454312,2.325773,Events::Equipment Failure::Equipment Failure/r/nEquipment::Underground Equipment::Primary Cable/r/nEquipment::Interrupting Device::Circuit Breaker/r/nEquipment::Underground Equipment::Nonspecific Underground Equipment,0,2.1890335,7.0527253,Events::Equipment Failure::Equipment Failure/r/nEquipment::Underground Equipment::Primary Cable/r/nEquipment::Interrupting Device::Circuit Breaker/r/nEquipment::Underground Equipment::Nonspecific Underground Equipment,0
207-1,1.0103351,2.9876013,Events::Equipment Failure::Equipment Failure/r/nEquipment::Underground Equipment::Primary Cable/r/nEquipment::Interrupting Device::Circuit Breaker/r/nEquipment::Underground Equipment::Nonspecific Underground Equipment,0,3.487267,4.312924,Events::Equipment Failure::Equipment Failure/r/nEquipment::Underground Equipment::Primary Cable/r/nEquipment::Interrupting Device::Circuit Breaker/r/nEquipment::Underground Equipment::Nonspecific Underground Equipment,0
209-1,-1.573808,2.037421,Events::Equipment Failure::Equipment Failure/r/nEquipment::Interrupting Device::Circuit Breaker/r/nEquipment::Underground Equipment::UG Connector/r/nEquipment::Underground Equipment::Nonspecific Underground Equipment,0,3.5233276,4.756156,Events::Equipment Failure::Equipment Failure/r/nEquipment::Interrupting Device::Circuit Breaker/r/nEquipment::Underground Equipment::UG Connector/r/nEquipment::Underground Equipment::Nonspecific Underground Equipment,0
210-1,-0.68187547,2.263324,Events::Equipment Failure::Equipment Failure/r/nEquipment::Interrupting Device::Circuit Breaker/r/nEquipment::Underground Equipment::UG Connector/r/nEquipment::Underground Equipment::Nonspecific Underground Equipment,0,3.4136808,4.779102,Events::Equipment Failure::Equipment Failure/r/nEquipment::Interrupting Device::Circuit Breaker/r/nEquipment::Underground Equipment::UG Connector/r/nEquipment::Underground Equipment::Nonspecific Underground Equipment,0
213-1,3.2844305,5.073135,Events::Equipment Failure::Equipment Failure/r/nEquipment::Interrupting Device::Circuit Breaker/r/nEquipment::Underground Equipment::UG Connector/r/nEquipment::Underground Equipment::Nonspecific Underground Equipment,0,4.6524453,4.380125,Events::Equipment Failure::Equipment Failure/r/nEquipment::Interrupting Device::Circuit Breaker/r/nEquipment::Underground Equipment::UG Connector/r/nEquipment::Underground Equipment::Nonspecific Underground Equipment,0
214-1,-3.3367307,1.3084242,Conditions::Weather::High Winds/r/nConditions::Weather::Heavy Rain/r/nEvents::Vegetation::Tree/r/nEquipment::Interrupting Device::Circuit Breaker/r/nEquipment::Overhead Equipment::Nonspecific Overhead Equipment,0,3.712708,5.482642,Conditions::Weather::High Winds/r/nConditions::Weather::Heavy Rain/r/nEvents::Vegetation::Tree/r/nEquipment::Interrupting Device::Circuit Breaker/r/nEquipment::Overhead Equipment::Nonspecific Overhead Equipment,0
216-1,2.5891218,7.0722337,Conditions::Weather::High Winds/r/nConditions::Weather::Heavy Rain/r/nEvents::Vegetation::Tree/r/nEquipment::Interrupting Device::Circuit Breaker/r/nEquipment::Overhead Equipment::Nonspecific Overhead Equipment,0,6.695447,4.092471,Conditions::Weather::High Winds/r/nConditions::Weather::Heavy Rain/r/nEvents::Vegetation::Tree/r/nEquipment::Interrupting Device::Circuit Breaker/r/nEquipment::Overhead Equipment::Nonspecific Overhead Equipment,0
217-1,2.7014914,7.323628,Conditions::Weather::High Winds/r/nConditions::Weather::Heavy Rain/r/nEvents::Vegetation::Tree/r/nEquipment::Interrupting Device::Circuit Breaker/r/nEquipment::Overhead Equipment::Nonspecific Overhead Equipment,0,6.7322636,5.26397,Conditions::Weather::High Winds/r/nConditions::Weather::Heavy Rain/r/nEvents::Vegetation::Tree/r/nEquipment::Interrupting Device::Circuit Breaker/r/nEquipment::Overhead Equipment::Nonspecific Overhead Equipment,0
218-1,-7.067788,-0.6216233,Conditions::Weather::High Winds/r/nConditions::Weather::Heavy Rain/r/nEvents::Vegetation::Tree/r/nEquipment::Interrupting Device::Circuit Breaker/r/nEquipment::Overhead Equipment::Nonspecific Overhead Equipment,0,3.784326,8.1116905,Conditions::Weather::High Winds/r/nConditions::Weather::Heavy Rain/r/nEvents::Vegetation::Tree/r/nEquipment::Interrupting Device::Circuit Breaker/r/nEquipment::Overhead Equipment::Nonspecific Overhead Equipment,0
228-1,2.805514,4.223304,Events::Other::Unknown/r/nEquipment::Interrupting Device::Circuit Breaker,0,6.7463875,3.688714,Events::Other::Unknown/r/nEquipment::Interrupting Device::Circuit Breaker,0
229-1,-3.1365926,2.646596,Events::External::Motor Vehicle Accident/r/nEquipment::Overhead Equipment::Pole/r/nEquipment::Interrupting Device::Circuit Breaker,0,6.626711,3.9050817,Events::External::Motor Vehicle Accident/r/nEquipment::Overhead Equipment::Pole/r/nEquipment::Interrupting Device::Circuit Breaker,0
230-1,-2.5501916,3.4393048,Events::External::Motor Vehicle Accident/r/nEquipment::Overhead Equipment::Pole/r/nEquipment::Interrupting Device::Circuit Breaker,0,-2.0539458,7.3311396,Events::External::Motor Vehicle Accident/r/nEquipment::Overhead Equipment::Pole/r/nEquipment::Interrupting Device::Circuit Breaker,0
231-1,2.5985515,8.481564,Events::External::Motor Vehicle Accident/r/nEquipment::Overhead Equipment::Pole/r/nEquipment::Interrupting Device::Circuit Breaker,0,6.662619,6.096975,Events::External::Motor Vehicle Accident/r/nEquipment::Overhead Equipment::Pole/r/nEquipment::Interrupting Device::Circuit Breaker,0
232-1,2.6477413,5.6084876,Events::External::Motor Vehicle Accident/r/nEquipment::Overhead Equipment::Pole/r/nEquipment::Interrupting Device::Circuit Breaker,0,-2.4950426,7.0902767,Events::External::Motor Vehicle Accident/r/nEquipment::Overhead Equipment::Pole/r/nEquipment::Interrupting Device::Circuit Breaker,0
233-1,2.4333687,4.2326903,Events::External::Motor Vehicle Accident/r/nEquipment::Overhead Equipment::Pole/r/nEquipment::Interrupting Device::Circuit Breaker,0,-2.5730364,7.0545487,Events::External::Motor Vehicle Accident/r/nEquipment::Overhead Equipment::Pole/r/nEquipment::Interrupting Device::Circuit Breaker,0
235-1,1.1583103,4.45127,Events::Equipment Failure::Equipment Failure/r/nEquipment::Devices::Capacitor/r/nEquipment::Interrupting Device::Circuit Breaker,0,-2.3674695,7.180947,Events::Equipment Failure::Equipment Failure/r/nEquipment::Devices::Capacitor/r/nEquipment::Interrupting Device::Circuit Breaker,0
250-1,-1.0764105,2.8932672,Events::Protection Event::Fuse Blow/r/nEquipment::Overhead Equipment::Pole/r/nEquipment::Interrupting Device::Fuse/r/nEquipment::Overhead Equipment::Nonspecific Overhead Equipment,0,-7.290139,2.3466988,Events::Protection Event::Fuse Blow/r/nEquipment::Overhead Equipment::Pole/r/nEquipment::Interrupting Device::Fuse/r/nEquipment::Overhead Equipment::Nonspecific Overhead Equipment,0
252-1,-0.48334685,2.6421125,Events::Fault::Cable Fault/r/nEvents::Protection Event::Fuse Blow/r/nEquipment::Underground Equipment::Primary Cable/r/nEquipment::Interrupting Device::Fuse,0,-8.002223,2.0619528,Events::Fault::Cable Fault/r/nEvents::Protection Event::Fuse Blow/r/nEquipment::Underground Equipment::Primary Cable/r/nEquipment::Interrupting Device::Fuse,0
253-1,-0.9985503,2.478366,Events::Fault::Cable Fault/r/nEvents::Protection Event::Fuse Blow/r/nEquipment::Underground Equipment::Primary Cable/r/nEquipment::Interrupting Device::Fuse,0,-7.6338887,2.0890071,Events::Fault::Cable Fault/r/nEvents::Protection Event::Fuse Blow/r/nEquipment::Underground Equipment::Primary Cable/r/nEquipment::Interrupting Device::Fuse,0
256-1,-0.8347382,2.7532759,Events::Equipment Failure::Equipment Failure/r/nEvents::Equipment Failure::Transformer Failure/r/nEvents::Protection Event::Fuse Blow/r/nEquipment::Interrupting Device::Fuse/r/nEquipment::Transformer::Underground Service Transformer/r/nEquipment::Underground Equipment::Nonspecific Underground Equipment,0,-7.6387377,2.1429186,Events::Equipment Failure::Equipment Failure/r/nEvents::Equipment Failure::Transformer Failure/r/nEvents::Protection Event::Fuse Blow/r/nEquipment::Interrupting Device::Fuse/r/nEquipment::Transformer::Underground Service Transformer/r/nEquipment::Underground Equipment::Nonspecific Underground Equipment,0
277-1,-2.6122837,3.3114808,Events::Equipment Failure::Equipment Failure/r/nEvents::External::Motor Vehicle Accident/r/nEquipment::Overhead Equipment::Pole/r/nEquipment::Interrupting Device::Sectionalizer,0,-5.6094456,3.2465963,Events::Equipment Failure::Equipment Failure/r/nEvents::External::Motor Vehicle Accident/r/nEquipment::Overhead Equipment::Pole/r/nEquipment::Interrupting Device::Sectionalizer,0
289-1,2.5590274,4.5810823,Events::Equipment Failure::Equipment Failure/r/nEquipment::Overhead Equipment::Pole/r/nEquipment::Interrupting Device::Sectionalizer,0,-4.5409718,1.4560316,Events::Equipment Failure::Equipment Failure/r/nEquipment::Overhead Equipment::Pole/r/nEquipment::Interrupting Device::Sectionalizer,0
290-1,2.0187554,4.5100994,Events::Equipment Failure::Equipment Failure/r/nEquipment::Overhead Equipment::Pole/r/nEquipment::Interrupting Device::Sectionalizer,0,-4.661336,1.5522687,Events::Equipment Failure::Equipment Failure/r/nEquipment::Overhead Equipment::Pole/r/nEquipment::Interrupting Device::Sectionalizer,0
294-1,2.2984452,4.472228,Conditions::Weather::Lightning Storm/r/nState::Change State::Energized,0,-4.348097,1.4136924,Conditions::Weather::Lightning Storm/r/nState::Change State::Energized,0
45-1,-3.330007,-3.796067,Events::External::Lightning Strike,0,-3.637754,1.2855026,Events::External::Lightning Strike,0
45-2,-4.981933,-2.1959317,Events::External::Lightning Strike,0,-3.5433292,1.2959262,Events::External::Lightning Strike,0
46-1,3.4450188,10.217124,Events::Equipment Failure::Arcing,0,-0.8976584,0.9510346,Events::Equipment Failure::Arcing,0
46-2,4.962506,7.421162,Events::Equipment Failure::Arcing,0,-0.8078079,1.6087846,Events::Equipment Failure::Arcing,0
47-1,-3.9274523,7.151369,Events::Vegetation::Branches/r/nEvents::Vegetation::Tree,0,0.8524989,-2.3355565,Events::Vegetation::Branches/r/nEvents::Vegetation::Tree,0
47-2,-1.1330394,10.2002945,Events::Vegetation::Branches/r/nEvents::Vegetation::Tree,0,0.18233621,-1.5770838,Events::Vegetation::Branches/r/nEvents::Vegetation::Tree,0
48-1,-3.6287413,7.9202228,Events::Equipment Failure::Arcing,0,0.46847615,-2.2112298,Events::Equipment Failure::Arcing,0
48-2,-0.33614284,10.837476,Events::Equipment Failure::Arcing,0,-10.158401,-3.1477656,Events::Equipment Failure::Arcing,0
49-1,1.4400928,10.934809,Events::Equipment Failure::Arcing,0,-9.333272,-2.1145515,Events::Equipment Failure::Arcing,0
49-2,3.8035297,9.538787,Events::Equipment Failure::Arcing,0,-8.481343,-1.1869653,Events::Equipment Failure::Arcing,0
50-1,-2.8337104,8.720642,Events::Equipment Failure::Arcing,0,-10.759923,-3.990862,Events::Equipment Failure::Arcing,0
50-2,0.23761372,10.645399,Events::Equipment Failure::Arcing,0,-9.873743,-2.7490911,Events::Equipment Failure::Arcing,0
51-1,-5.8050165,-1.969636,Events::Wildlife::Squirrel,0,-11.585217,-1.3876039,Events::Wildlife::Squirrel,0
51-2,-6.005597,0.8629265,Events::Wildlife::Squirrel,0,-10.74734,-0.08111431,Events::Wildlife::Squirrel,0
52-1,-4.7265816,-3.130386,Events::Equipment Failure::Equipment Failure/r/nEquipment::Overhead Equipment::Arrester,0,-12.511592,-2.8032153,Events::Equipment Failure::Equipment Failure/r/nEquipment::Overhead Equipment::Arrester,0
52-2,-5.9566736,-1.2361885,Events::Equipment Failure::Equipment Failure/r/nEquipment::Overhead Equipment::Arrester,0,-11.261837,-0.96752304,Events::Equipment Failure::Equipment Failure/r/nEquipment::Overhead Equipment::Arrester,0
53-1,-5.5862155,1.1165851,Events::Other::Unknown,0,-10.320057,0.67237383,Events::Other::Unknown,0
53-2,-4.891818,3.8704028,Events::Other::Unknown,0,-3.4738758,-5.9792056,Events::Other::Unknown,0
54-1,-4.01466,-3.2734761,Equipment::Load::Motor/r/nState::Change State::Start,0,-4.3169336,-4.399038,Equipment::Load::Motor/r/nState::Change State::Start,0
54-2,-5.3758945,-1.2099282,Equipment::Load::Motor/r/nState::Change State::Start,0,-4.093109,-4.606272,Equipment::Load::Motor/r/nState::Change State::Start,0
55-1,-4.00497,-3.718942,Events::Wildlife::Bird/r/nEvents::Wildlife::Small Bird,0,-5.189504,-4.9492135,Events::Wildlife::Bird/r/nEvents::Wildlife::Small Bird,0
55-2,-5.34477,-1.6854299,Events::Wildlife::Bird/r/nEvents::Wildlife::Small Bird,0,-4.1473303,-4.521987,Events::Wildlife::Bird/r/nEvents::Wildlife::Small Bird,0
57-1,-5.7816443,0.7826462,Conditions::Weather::High Winds/r/nEvents::Protection Event::Fuse Blow/r/nEvents::Vegetation::Branches/r/nEvents::Vegetation::Tree/r/nEquipment::Interrupting Device::Fuse,0,-3.8583112,-1.8947232,Conditions::Weather::High Winds/r/nEvents::Protection Event::Fuse Blow/r/nEvents::Vegetation::Branches/r/nEvents::Vegetation::Tree/r/nEquipment::Interrupting Device::Fuse,0
57-2,-5.282461,3.8314595,Conditions::Weather::High Winds/r/nEvents::Protection Event::Fuse Blow/r/nEvents::Vegetation::Branches/r/nEvents::Vegetation::Tree/r/nEquipment::Interrupting Device::Fuse,0,-5.185348,-1.5399783,Conditions::Weather::High Winds/r/nEvents::Protection Event::Fuse Blow/r/nEvents::Vegetation::Branches/r/nEvents::Vegetation::Tree/r/nEquipment::Interrupting Device::Fuse,0
58-1,-5.0566196,4.30939,Events::Equipment Failure::Transformer Failure/r/nEquipment::Transformer::Nonspecific Transformer,0,-5.202058,-1.5300044,Events::Equipment Failure::Transformer Failure/r/nEquipment::Transformer::Nonspecific Transformer,0
58-2,-4.136499,6.8101845,Events::Equipment Failure::Transformer Failure/r/nEquipment::Transformer::Nonspecific Transformer,0,-5.4868245,-1.3377266,Events::Equipment Failure::Transformer Failure/r/nEquipment::Transformer::Nonspecific Transformer,0
59-1,-6.042934,-0.7772354,Conditions::Weather::High Winds/r/nEvents::Vegetation::Tree,0,-3.7858286,-1.9494388,Conditions::Weather::High Winds/r/nEvents::Vegetation::Tree,0
59-2,-5.721347,1.8094822,Conditions::Weather::High Winds/r/nEvents::Vegetation::Tree,0,8.571181,-2.5394578,Conditions::Weather::High Winds/r/nEvents::Vegetation::Tree,0
60-1,3.6563623,9.34505,Events::Other::Unknown,0,8.113944,-3.0880547,Events::Other::Unknown,0
60-2,4.8681564,7.128223,Events::Other::Unknown,0,8.3473425,-2.517068,Events::Other::Unknown,0
61-1,-6.3245344,0.24685542,Events::Equipment Failure::Nonspecific Equipment Failure/r/nEquipment::Switch::Nonspecific Switch,0,9.484096,-2.5306237,Events::Equipment Failure::Nonspecific Equipment Failure/r/nEquipment::Switch::Nonspecific Switch,0
61-2,-5.9028125,2.0688412,Events::Equipment Failure::Nonspecific Equipment Failure/r/nEquipment::Switch::Nonspecific Switch,0,8.4722185,-2.8927991,Events::Equipment Failure::Nonspecific Equipment Failure/r/nEquipment::Switch::Nonspecific Switch,0
62-1,-0.026954886,10.963487,Equipment::Overhead Equipment::Jumper/r/nEvents::Equipment Failure::Arcing,0,-11.527003,-3.4426925,Equipment::Overhead Equipment::Jumper/r/nEvents::Equipment Failure::Arcing,0
62-2,2.5561793,10.307882,Equipment::Overhead Equipment::Jumper/r/nEvents::Equipment Failure::Arcing,0,-10.551306,-1.7777166,Equipment::Overhead Equipment::Jumper/r/nEvents::Equipment Failure::Arcing,0
63-1,2.9192364,9.822139,Equipment::Overhead Equipment::Jumper/r/nEvents::Equipment Failure::Arcing,0,-10.301974,-1.4274061,Equipment::Overhead Equipment::Jumper/r/nEvents::Equipment Failure::Arcing,0
63-2,4.7293696,8.168886,Equipment::Overhead Equipment::Jumper/r/nEvents::Equipment Failure::Arcing,0,-9.228181,-0.43864655,Equipment::Overhead Equipment::Jumper/r/nEvents::Equipment Failure::Arcing,0
64-1,2.064768,10.953371,Equipment::Overhead Equipment::Jumper/r/nEvents::Equipment Failure::Arcing,0,-10.875464,-2.3435113,Equipment::Overhead Equipment::Jumper/r/nEvents::Equipment Failure::Arcing,0
64-2,4.3107634,8.833905,Equipment::Overhead Equipment::Jumper/r/nEvents::Equipment Failure::Arcing,0,0.15818737,1.4035609,Equipment::Overhead Equipment::Jumper/r/nEvents::Equipment Failure::Arcing,0
65-1,-5.4744635,4.391709,Equipment::Overhead Equipment::Jumper/r/nEvents::Equipment Failure::Arcing,0,2.5016463,-2.7326007,Equipment::Overhead Equipment::Jumper/r/nEvents::Equipment Failure::Arcing,0
65-2,-4.5002117,7.1411204,Equipment::Overhead Equipment::Jumper/r/nEvents::Equipment Failure::Arcing,0,1.5103041,-2.1116393,Equipment::Overhead Equipment::Jumper/r/nEvents::Equipment Failure::Arcing,0
66-1,0.4242221,10.97743,Equipment::Overhead Equipment::Jumper/r/nEvents::Equipment Failure::Arcing,0,0.299457,-0.33089545,Equipment::Overhead Equipment::Jumper/r/nEvents::Equipment Failure::Arcing,0
66-2,3.1820612,10.487531,Equipment::Overhead Equipment::Jumper/r/nEvents::Equipment Failure::Arcing,0,0.0795154,0.77970546,Equipment::Overhead Equipment::Jumper/r/nEvents::Equipment Failure::Arcing,0
67-1,-0.06483867,10.5452795,Conditions::Weather::High Winds/r/nEvents::Protection Event::Fuse Blow/r/nEvents::Vegetation::Tree/r/nEquipment::Interrupting Device::Fuse,0,7.664551,-0.5509892,Conditions::Weather::High Winds/r/nEvents::Protection Event::Fuse Blow/r/nEvents::Vegetation::Tree/r/nEquipment::Interrupting Device::Fuse,0
67-2,2.303243,10.100128,Conditions::Weather::High Winds/r/nEvents::Protection Event::Fuse Blow/r/nEvents::Vegetation::Tree/r/nEquipment::Interrupting Device::Fuse,0,7.281477,-0.50895196,Conditions::Weather::High Winds/r/nEvents::Protection Event::Fuse Blow/r/nEvents::Vegetation::Tree/r/nEquipment::Interrupting Device::Fuse,0
68-1,-4.027048,-3.9384913,Events::Wildlife::Large Animal/r/nEvents::Wildlife::Small Animal,0,8.013376,0.061789744,Events::Wildlife::Large Animal/r/nEvents::Wildlife::Small Animal,0
68-2,-5.6533046,-2.300906,Events::Wildlife::Large Animal/r/nEvents::Wildlife::Small Animal,0,7.0849576,-1.1724119,Events::Wildlife::Large Animal/r/nEvents::Wildlife::Small Animal,0
69-1,-0.76317495,10.403008,Events::Vegetation::Tree,0,7.2373805,-0.5084347,Events::Vegetation::Tree,0
69-2,1.815034,10.351716,Events::Vegetation::Tree,0,-9.273022,-3.5680087,Events::Vegetation::Tree,0
70-1,-0.71236956,10.434976,Events::Construction & Maintenance::Maintenance/r/nEvents::Equipment Failure::Equipment Failure/r/nEquipment::Underground Equipment::Elbow,0,-10.343997,-4.547294,Events::Construction & Maintenance::Maintenance/r/nEvents::Equipment Failure::Equipment Failure/r/nEquipment::Underground Equipment::Elbow,0
70-2,2.2611568,10.900192,Events::Construction & Maintenance::Maintenance/r/nEvents::Equipment Failure::Equipment Failure/r/nEquipment::Underground Equipment::Elbow,0,-9.134022,-3.3678699,Events::Construction & Maintenance::Maintenance/r/nEvents::Equipment Failure::Equipment Failure/r/nEquipment::Underground Equipment::Elbow,0
71-1,1.7715219,10.602351,Events::Vegetation::Tree/r/nEquipment::Overhead Equipment::Conductor,0,-9.217734,-4.577475,Events::Vegetation::Tree/r/nEquipment::Overhead Equipment::Conductor,0
71-2,4.180327,8.770873,Events::Vegetation::Tree/r/nEquipment::Overhead Equipment::Conductor,0,-8.480761,-2.2129135,Events::Vegetation::Tree/r/nEquipment::Overhead Equipment::Conductor,0
72-1,5.400556,4.374804,Events::Other::Unknown,0,-2.042705,-4.158558,Events::Other::Unknown,0
72-2,-3.525659,-3.9729934,Events::Other::Unknown,0,-1.9242314,-4.573106,Events::Other::Unknown,0
73-1,-2.96963,-3.8989117,Events::Protection Event::Fuse Blow/r/nEvents::Wildlife::Bird/r/nEquipment::Interrupting Device::Fuse/r/nEquipment::Transformer::Nonspecific Transformer,0,-2.0309777,-4.5113306,Events::Protection Event::Fuse Blow/r/nEvents::Wildlife::Bird/r/nEquipment::Interrupting Device::Fuse/r/nEquipment::Transformer::Nonspecific Transformer,0
73-2,-4.995125,-3.1875482,Events::Protection Event::Fuse Blow/r/nEvents::Wildlife::Bird/r/nEquipment::Interrupting Device::Fuse/r/nEquipment::Transformer::Nonspecific Transformer,0,-1.8358575,-4.960767,Events::Protection Event::Fuse Blow/r/nEvents::Wildlife::Bird/r/nEquipment::Interrupting Device::Fuse/r/nEquipment::Transformer::Nonspecific Transformer,0
74-1,0.18879515,2.1360984,State::Change State::Overload/r/nPhase::Three-phase::Phases ABC/r/nEquipment::Transformer::Nonspecific Transformer,0,-2.136002,-5.84303,State::Change State::Overload/r/nPhase::Three-phase::Phases ABC/r/nEquipment::Transformer::Nonspecific Transformer,0
75-1,3.1207361,9.818029,Events::System Event/Condition::Local Power Failure/r/nState::Change State::Power Failure,0,-11.459784,-2.0387676,Events::System Event/Condition::Local Power Failure/r/nState::Change State::Power Failure,0
75-2,4.88848,7.690157,Events::System Event/Condition::Local Power Failure/r/nState::Change State::Power Failure,0,-9.850985,-0.1706771,Events::System Event/Condition::Local Power Failure/r/nState::Change State::Power Failure,0
76-1,2.6562274,9.877616,Events::Equipment Failure::Nonspecific Equipment Failure,0,-11.631429,-2.2888644,Events::Equipment Failure::Nonspecific Equipment Failure,0
76-2,4.849756,7.913819,Events::Equipment Failure::Nonspecific Equipment Failure,0,-9.986715,-0.3528276,Events::Equipment Failure::Nonspecific Equipment Failure,0
77-1,0.9904469,10.799729,Events::Equipment Failure::Nonspecific Equipment Failure,0,-12.010867,-3.3283808,Events::Equipment Failure::Nonspecific Equipment Failure,0
77-2,3.7798874,9.740935,Events::Equipment Failure::Nonspecific Equipment Failure,0,5.1415324,-0.29545042,Events::Equipment Failure::Nonspecific Equipment Failure,0
78-1,5.0061426,7.326503,Events::Equipment Failure::Transformer Failure/r/nEquipment::Transformer::Nonspecific Transformer,0,5.028858,-0.029157791,Events::Equipment Failure::Transformer Failure/r/nEquipment::Transformer::Nonspecific Transformer,0
78-2,5.3247,4.478019,Events::Equipment Failure::Transformer Failure/r/nEquipment::Transformer::Nonspecific Transformer,0,5.0544524,0.07665045,Events::Equipment Failure::Transformer Failure/r/nEquipment::Transformer::Nonspecific Transformer,0
79-1,-5.291588,3.0673018,Conditions::Weather::High Winds/r/nConditions::Weather::Heavy Rain/r/nEquipment::Overhead Equipment::Conductor/r/nConditions::Equipment Conditions::Live wire on ground,0,5.521935,-1.5673429,Conditions::Weather::High Winds/r/nConditions::Weather::Heavy Rain/r/nEquipment::Overhead Equipment::Conductor/r/nConditions::Equipment Conditions::Live wire on ground,0
79-2,-4.4934597,6.0212474,Conditions::Weather::High Winds/r/nConditions::Weather::Heavy Rain/r/nEquipment::Overhead Equipment::Conductor/r/nConditions::Equipment Conditions::Live wire on ground,0,5.2477527,-1.3994612,Conditions::Weather::High Winds/r/nConditions::Weather::Heavy Rain/r/nEquipment::Overhead Equipment::Conductor/r/nConditions::Equipment Conditions::Live wire on ground,0
80-1,2.7883708,10.779218,State::Change State::Power Failure/r/nEvents::Vegetation::Nonspecific Vegetation,0,4.6745787,-2.1640005,State::Change State::Power Failure/r/nEvents::Vegetation::Nonspecific Vegetation,0
80-2,4.3324947,7.7421536,State::Change State::Power Failure/r/nEvents::Vegetation::Nonspecific Vegetation,0,4.4257913,-2.035807,State::Change State::Power Failure/r/nEvents::Vegetation::Nonspecific Vegetation,0
81-1,-5.353986,-2.7455366,Events::Protection Event::Fuse Blow/r/nEvents::External::Lightning Strike/r/nEquipment::Interrupting Device::Fuse,0,3.769754,-0.33741874,Events::Protection Event::Fuse Blow/r/nEvents::External::Lightning Strike/r/nEquipment::Interrupting Device::Fuse,0
81-2,-5.8108144,-0.1602994,Events::Protection Event::Fuse Blow/r/nEvents::External::Lightning Strike/r/nEquipment::Interrupting Device::Fuse,0,3.782101,-0.011240242,Events::Protection Event::Fuse Blow/r/nEvents::External::Lightning Strike/r/nEquipment::Interrupting Device::Fuse,0
82-1,-5.210664,-2.637472,Events::Equipment Failure::Transformer Failure/r/nEquipment::Transformer::Nonspecific Transformer,0,3.7697766,-0.33741224,Events::Equipment Failure::Transformer Failure/r/nEquipment::Transformer::Nonspecific Transformer,0
82-2,-5.8108144,-0.1602994,Events::Equipment Failure::Transformer Failure/r/nEquipment::Transformer::Nonspecific Transformer,0,0.9839486,-0.31154412,Events::Equipment Failure::Transformer Failure/r/nEquipment::Transformer::Nonspecific Transformer,0
97-1,-5.596355,2.855361,State::Change State::Close/r/nEquipment::Interrupting Device::Fuse Cutout/r/nEquipment::Transformer::Nonspecific Transformer,0,0.7540002,0.56159335,State::Change State::Close/r/nEquipment::Interrupting Device::Fuse Cutout/r/nEquipment::Transformer::Nonspecific Transformer,0
97-2,-4.843815,5.7680016,State::Change State::Close/r/nEquipment::Interrupting Device::Fuse Cutout/r/nEquipment::Transformer::Nonspecific Transformer,0,0.76085633,1.3095452,State::Change State::Close/r/nEquipment::Interrupting Device::Fuse Cutout/r/nEquipment::Transformer::Nonspecific Transformer,0
98-1,-2.8448315,-3.7132127,Events::Other::Unknown,0,2.4689238,-2.224899,Events::Other::Unknown,0
98-2,-3.9113772,-3.2021375,Events::Other::Unknown,0,2.1111186,-1.8026735,Events::Other::Unknown,0
99-1,-4.694443,-2.6552274,State::Change State::Increase/r/nEvents::External::Lightning Strike,0,-12.84791,-0.98776776,State::Change State::Increase/r/nEvents::External::Lightning Strike,0
99-2,-5.7145176,-0.4993873,State::Change State::Increase/r/nEvents::External::Lightning Strike,0,-12.136265,0.45136395,State::Change State::Increase/r/nEvents::External::Lightning Strike,0
